EventName,Session,RoundNumber,EventDate
Bahrain Grand Prix,Q,1,2024-03-02 15:00:00
Bahrain Grand Prix,R,1,2024-03-02 15:00:00
Saudi Arabian Grand Prix,Q,2,2024-03-09 17:00:00
Saudi Arabian Grand Prix,R,2,2024-03-09 17:00:00
Australian Grand Prix,Q,3,2024-03-24 04:00:00
Australian Grand Prix,R,3,2024-03-24 04:00:00
Japanese Grand Prix,Q,4,2024-04-07 05:00:00
Japanese Grand Prix,R,4,2024-04-07 05:00:00
Chinese Grand Prix,Q,5,2024-04-21 07:00:00
Chinese Grand Prix,R,5,2024-04-21 07:00:00
Miami Grand Prix,Q,6,2024-05-05 20:00:00
Miami Grand Prix,R,6,2024-05-05 20:00:00
Emilia Romagna Grand Prix,Q,7,2024-05-19 13:00:00
Emilia Romagna Grand Prix,R,7,2024-05-19 13:00:00
Monaco Grand Prix,Q,8,2024-05-26 13:00:00
Monaco Grand Prix,R,8,2024-05-26 13:00:00
Canadian Grand Prix,Q,9,2024-06-09 18:00:00
Canadian Grand Prix,R,9,2024-06-09 18:00:00
Spanish Grand Prix,Q,10,2024-06-23 13:00:00
Spanish Grand Prix,R,10,2024-06-23 13:00:00
Austrian Grand Prix,Q,11,2024-06-30 13:00:00
Austrian Grand Prix,R,11,2024-06-30 13:00:00
British Grand Prix,Q,12,2024-07-07 14:00:00
British Grand Prix,R,12,2024-07-07 14:00:00
Hungarian Grand Prix,Q,13,2024-07-21 13:00:00
Hungarian Grand Prix,R,13,2024-07-21 13:00:00
Belgian Grand Prix,Q,14,2024-07-28 13:00:00
Belgian Grand Prix,R,14,2024-07-28 13:00:00
Dutch Grand Prix,Q,15,2024-08-25 13:00:00
Dutch Grand Prix,R,15,2024-08-25 13:00:00
Italian Grand Prix,Q,16,2024-09-01 13:00:00
Italian Grand Prix,R,16,2024-09-01 13:00:00
Azerbaijan Grand Prix,Q,17,2024-09-15 11:00:00
Azerbaijan Grand Prix,R,17,2024-09-15 11:00:00
Singapore Grand Prix,Q,18,2024-09-22 12:00:00
Singapore Grand Prix,R,18,2024-09-22 12:00:00
United States Grand Prix,Q,19,2024-10-20 19:00:00
United States Grand Prix,R,19,2024-10-20 19:00:00
Mexico City Grand Prix,Q,20,2024-10-27 20:00:00
Mexico City Grand Prix,R,20,2024-10-27 20:00:00
São Paulo Grand Prix,Q,21,2024-11-03 17:00:00
São Paulo Grand Prix,R,21,2024-11-03 17:00:00
Las Vegas Grand Prix,Q,22,2024-11-23 06:00:00
Las Vegas Grand Prix,R,22,2024-11-23 06:00:00
Qatar Grand Prix,Q,23,2024-12-01 16:00:00
Qatar Grand Prix,R,23,2024-12-01 16:00:00
Abu Dhabi Grand Prix,Q,24,2024-12-08 13:00:00
Abu Dhabi Grand Prix,R,24,2024-12-08 13:00:00
